season,opponent,games,home_games,away_games,neutral_games,shots_per_game,average_goal_difference
2020-21,Marian (WI),2,1,1,0,27.5,-4.0
2020-21,Concordia Wisconsin,4,2,2,0,16.5,-7.25
2020-21,St. Scholastica,3,1,2,0,14.33,-8.0
2021-22,Finlandia,2,0,2,0,17.5,-2.5
2021-22,Marian (WI),2,1,1,0,27.0,-3.0
2021-22,Lake Forest,2,1,1,0,12.5,-3.5
2021-22,St. Catherine,2,0,2,0,16.0,-4.5
2021-22,Trine,2,2,0,0,11.5,-6.0
2021-22,St. Norbert,2,1,1,0,12.0,-6.0
2021-22,Wis.-Stevens Point,2,1,1,0,13.0,-7.0
2021-22,Adrian,2,2,0,0,7.0,-7.5
2021-22,Concordia Wisconsin,3,1,2,0,11.0,-8.0
2021-22,Wis.-Superior,2,0,2,0,5.5,-9.0
2021-22,Aurora,2,2,0,0,14.0,-9.0
2022-23,Finlandia,2,2,0,0,58.5,2.5
2022-23,Northland,2,0,2,0,24.0,-0.5
2022-23,Marian (WI),2,1,1,0,27.5,-1.5
2022-23,Wis.-Superior,2,2,0,0,20.5,-3.0
2022-23,Trine,2,0,2,0,25.0,-3.5
2022-23,St. Catherine,2,0,2,0,13.5,-3.5
2022-23,Wis.-Stevens Point,1,0,1,0,23.0,-5.0
2022-23,Saint Mary's (MN),2,2,0,0,14.0,-5.5
2022-23,Concordia Wisconsin,2,1,1,0,20.0,-5.5
2022-23,Lake Forest,2,1,1,0,15.5,-6.5
2022-23,Aurora,2,0,2,0,16.5,-7.5
2022-23,St. Norbert,2,1,1,0,8.5,-8.5
2022-23,Adrian,4,0,4,0,7.0,-9.5
2023-24,Dubuque,2,2,0,0,30.5,1.5
2023-24,Northland,2,2,0,0,27.0,0.5
2023-24,Marian (WI),3,2,1,0,27.0,0.0
2023-24,Wis.-Superior,2,0,2,0,18.0,-1.5
2023-24,Concordia Wisconsin,4,2,2,0,23.5,-2.25
2023-24,Lake Forest,2,1,1,0,23.5,-2.5
2023-24,Trine,2,2,0,0,31.5,-3.0
2023-24,Saint Mary's (MN),1,0,1,0,9.0,-3.0
2023-24,Adrian,4,0,4,0,12.5,-4.5
2023-24,St. Norbert,3,1,2,0,18.0,-6.67
2023-24,Aurora,2,0,2,0,13.5,-7.5
2024-25,Northland,2,0,2,0,35.5,2.0
2024-25,Marian (WI),4,2,2,0,27.25,0.0
2024-25,MSOE,2,1,1,0,17.0,0.0
2024-25,Aurora,2,1,1,0,23.0,0.0
2024-25,Trine,2,2,0,0,22.0,-1.0
2024-25,St. Catherine,1,0,0,1,15.0,-1.0
2024-25,Dubuque,2,0,2,0,24.5,-1.0
2024-25,Lake Forest,2,1,1,0,17.5,-1.5
2024-25,St. Norbert,4,1,3,0,11.0,-4.5
2024-25,Concordia Wisconsin,2,1,1,0,13.0,-6.0
2024-25,Hamline,2,0,2,0,3.5,-6.5
2024-25,Adrian,2,0,2,0,6.0,-10.5
2025-26,Trine,2,0,2,0,23.0,1.0
2025-26,Dubuque,2,2,0,0,30.5,-1.0
2025-26,Aurora,2,1,1,0,21.5,-1.0
2025-26,St. Scholastica,2,2,0,0,6.0,-1.5
2025-26,Lake Forest,2,1,1,0,16.5,-2.0
2025-26,Beloit,1,1,0,0,21.0,-2.0
2025-26,Marian (WI),2,1,1,0,14.0,-2.5
2025-26,St. Catherine,2,0,2,0,10.0,-3.5
2025-26,MSOE,2,1,1,0,17.5,-3.5
2025-26,Wis.-Stevens Point,1,0,1,0,22.0,-4.0
2025-26,Concordia Wisconsin,2,1,1,0,6.5,-4.5
2025-26,St. Norbert,2,1,1,0,9.0,-5.0
2025-26,Augsburg,1,0,1,0,6.0,-5.0
2025-26,Adrian,2,2,0,0,10.0,-7.0
