season,date,opponent,location,goals_for,shots_for,games_in_window,rolling_goals_per_game,rolling_shots_per_game,rolling_shooting_pct
2020-21,2021-02-13,St. Scholastica,home,1,15,1,,,
2020-21,2021-02-14,St. Scholastica,away,2,13,2,,,
2020-21,2021-02-19,Marian (WI),home,2,29,3,,,
2020-21,2021-02-20,Marian (WI),away,2,26,4,,,
2020-21,2021-02-26,Concordia Wisconsin,away,1,11,5,1.6,18.8,8.51
2020-21,2021-02-27,Concordia Wisconsin,home,1,20,5,1.6,19.8,8.08
2020-21,2021-03-06,Concordia Wisconsin,away,0,19,5,1.2,21.0,5.71
2020-21,2021-03-07,Concordia Wisconsin,home,0,16,5,0.8,18.4,4.35
2020-21,2021-03-10,St. Scholastica,away,0,15,5,0.4,16.2,2.47
2021-22,2021-10-29,Wis.-Superior,away,0,4,1,,,
2021-22,2021-10-30,Wis.-Superior,away,0,7,2,,,
2021-22,2021-11-02,Concordia Wisconsin,away,0,9,3,,,
2021-22,2021-11-05,St. Catherine,away,0,15,4,,,
2021-22,2021-11-06,St. Catherine,away,0,17,5,0.0,10.4,0.0
2021-22,2021-11-12,St. Norbert,away,1,10,5,0.2,11.6,1.72
2021-22,2021-11-14,St. Norbert,home,0,14,5,0.2,13.0,1.54
2021-22,2021-12-03,Aurora,home,1,18,5,0.4,14.8,2.7
2021-22,2021-12-04,Aurora,home,0,10,5,0.4,13.8,2.9
2021-22,2021-12-31,Wis.-Stevens Point,home,1,15,5,0.6,13.4,4.48
2021-22,2022-01-01,Wis.-Stevens Point,away,0,11,5,0.4,13.6,2.94
2021-22,2022-01-20,Adrian,home,0,7,5,0.4,12.2,3.28
2021-22,2022-01-21,Marian (WI),home,2,33,5,0.6,15.2,3.95
2021-22,2022-01-22,Marian (WI),away,0,21,5,0.6,17.4,3.45
2021-22,2022-01-28,Finlandia,away,1,14,5,0.6,17.2,3.49
2021-22,2022-01-29,Finlandia,away,1,21,5,0.8,19.2,4.17
2021-22,2022-02-04,Lake Forest,away,0,12,5,0.8,20.2,3.96
2021-22,2022-02-05,Lake Forest,home,3,13,5,1.0,16.2,6.17
2021-22,2022-02-06,Adrian,home,0,7,5,1.0,13.4,7.46
2021-22,2022-02-11,Concordia Wisconsin,away,0,11,5,0.8,12.8,6.25
2021-22,2022-02-12,Concordia Wisconsin,home,4,13,5,1.4,11.2,12.5
2021-22,2022-02-18,Trine,home,2,16,5,1.8,12.0,15.0
2021-22,2022-02-19,Trine,home,1,7,5,1.4,10.8,12.96
2022-23,2022-10-28,Wis.-Superior,home,0,17,1,,,
2022-23,2022-10-29,Wis.-Superior,home,2,24,2,,,
2022-23,2022-11-04,St. Catherine,away,0,11,3,,,
2022-23,2022-11-05,St. Catherine,away,2,16,4,,,
2022-23,2022-11-11,St. Norbert,away,1,10,5,1.0,15.6,6.41
2022-23,2022-11-12,St. Norbert,home,0,7,5,1.0,13.6,7.35
2022-23,2022-11-16,Wis.-Stevens Point,away,0,23,5,0.6,13.4,4.48
2022-23,2022-11-25,Northland,away,1,19,5,0.8,15.0,5.33
2022-23,2022-11-26,Northland,away,2,29,5,0.8,17.6,4.55
2022-23,2022-12-02,Aurora,away,0,17,5,0.6,19.0,3.16
2022-23,2022-12-03,Aurora,away,1,16,5,0.8,20.8,3.85
2022-23,2022-12-09,Saint Mary's (MN),home,0,15,5,0.8,19.2,4.17
2022-23,2022-12-10,Saint Mary's (MN),home,0,13,5,0.6,18.0,3.33
2022-23,2023-01-13,Adrian,away,0,7,5,0.2,13.6,1.47
2022-23,2023-01-14,Adrian,away,0,10,5,0.2,12.2,1.64
2022-23,2023-01-19,Marian (WI),home,2,32,5,0.4,15.4,2.6
2022-23,2023-01-20,Marian (WI),away,1,23,5,0.6,17.0,3.53
2022-23,2023-01-27,Finlandia,home,4,52,5,1.4,24.8,5.65
2022-23,2023-01-28,Finlandia,home,3,65,5,2.0,36.4,5.49
2022-23,2023-02-04,Lake Forest,away,0,17,5,2.0,37.8,5.29
2022-23,2023-02-05,Lake Forest,home,1,14,5,1.8,34.2,5.26
2022-23,2023-02-10,Concordia Wisconsin,home,0,18,5,1.6,33.2,4.82
2022-23,2023-02-11,Concordia Wisconsin,away,1,22,5,1.0,27.2,3.68
2022-23,2023-02-17,Trine,away,0,23,5,0.4,18.8,2.13
2022-23,2023-02-18,Trine,away,0,27,5,0.4,20.8,1.92
2022-23,2023-02-24,Adrian,away,0,9,5,0.2,19.8,1.01
2022-23,2023-02-25,Adrian,away,0,2,5,0.2,16.6,1.2
2023-24,2023-10-27,Wis.-Superior,away,1,19,1,,,
2023-24,2023-10-28,Wis.-Superior,away,1,17,2,,,
2023-24,2023-11-10,Aurora,away,1,12,3,,,
2023-24,2023-11-11,Aurora,away,0,15,4,,,
2023-24,2023-11-17,Concordia Wisconsin,away,3,24,5,1.2,17.4,6.9
2023-24,2023-11-18,Concordia Wisconsin,home,3,24,5,1.6,18.4,8.7
2023-24,2023-11-21,Marian (WI),home,1,37,5,1.6,22.4,7.14
2023-24,2023-11-25,Northland,home,3,28,5,2.0,25.6,7.81
2023-24,2023-11-26,Northland,home,1,26,5,2.2,27.8,7.91
2023-24,2023-11-29,St. Norbert,away,0,17,5,1.6,26.4,6.06
2023-24,2023-12-01,Lake Forest,home,0,26,5,1.0,26.8,3.73
2023-24,2023-12-02,Lake Forest,away,1,21,5,1.0,23.6,4.24
2023-24,2023-12-08,Concordia Wisconsin,home,1,26,5,0.6,23.2,2.59
2023-24,2023-12-09,Concordia Wisconsin,away,2,20,5,0.8,22.0,3.64
2023-24,2024-01-12,Adrian,away,0,9,5,0.8,20.4,3.92
2023-24,2024-01-13,Adrian,away,0,11,5,0.8,17.4,4.6
2023-24,2024-01-19,Dubuque,home,1,34,5,0.8,20.0,4.0
2023-24,2024-01-20,Dubuque,home,4,27,5,1.4,20.2,6.93
2023-24,2024-01-23,Saint Mary's (MN),away,1,9,5,1.2,18.0,6.67
2023-24,2024-01-26,St. Norbert,away,1,20,5,1.4,20.2,6.93
2023-24,2024-01-27,St. Norbert,home,0,17,5,1.4,21.4,6.54
2023-24,2024-02-02,Trine,home,0,32,5,1.2,21.0,5.71
2023-24,2024-02-03,Trine,home,0,31,5,0.4,21.8,1.83
2023-24,2024-02-09,Marian (WI),away,0,17,5,0.2,23.4,0.85
2023-24,2024-02-10,Marian (WI),home,4,27,5,0.8,24.8,3.23
2023-24,2024-02-16,Adrian,away,1,18,5,1.0,25.0,4.0
2023-24,2024-02-17,Adrian,away,0,12,5,1.0,21.0,4.76
2024-25,2024-11-01,Hamline,away,0,4,1,,,
2024-25,2024-11-02,Hamline,away,1,3,2,,,
2024-25,2024-11-08,MSOE,away,2,18,3,,,
2024-25,2024-11-09,MSOE,home,2,16,4,,,
2024-25,2024-11-15,Lake Forest,home,0,18,5,1.0,11.8,8.47
2024-25,2024-11-16,Lake Forest,away,3,17,5,1.6,14.4,11.11
2024-25,2024-11-22,Adrian,away,0,4,5,1.4,14.6,9.59
2024-25,2024-11-23,Adrian,away,1,8,5,1.2,12.6,9.52
2024-25,2024-11-29,Northland,away,4,40,5,1.6,17.4,9.2
2024-25,2024-11-30,Northland,away,3,31,5,2.2,20.0,11.0
2024-25,2024-12-06,Aurora,away,2,18,5,2.0,20.2,9.9
2024-25,2024-12-07,Aurora,home,2,28,5,2.4,25.0,9.6
2024-25,2024-12-13,Marian (WI),home,3,39,5,2.8,31.2,8.97
2024-25,2024-12-14,Marian (WI),away,1,19,5,2.2,27.0,8.15
2024-25,2025-01-11,St. Catherine,neutral,1,15,5,1.8,23.8,7.56
2024-25,2025-01-17,Trine,home,3,19,5,2.0,24.0,8.33
2024-25,2025-01-18,Trine,home,0,25,5,1.6,23.4,6.84
2024-25,2025-01-24,Marian (WI),home,1,26,5,1.2,20.8,5.77
2024-25,2025-01-25,Marian (WI),away,0,25,5,1.0,22.0,4.55
2024-25,2025-01-31,Concordia Wisconsin,away,0,11,5,0.8,21.2,3.77
2024-25,2025-02-01,Concordia Wisconsin,home,0,15,5,0.2,20.4,0.98
2024-25,2025-02-07,Dubuque,away,0,28,5,0.2,21.0,0.95
2024-25,2025-02-08,Dubuque,away,1,21,5,0.2,20.0,1.0
2024-25,2025-02-14,St. Norbert,away,2,10,5,0.6,17.0,3.53
2024-25,2025-02-15,St. Norbert,home,2,11,5,1.0,17.0,5.88
2024-25,2025-02-21,St. Norbert,away,1,15,5,1.2,17.0,7.06
2024-25,2025-02-22,St. Norbert,away,2,8,5,1.6,13.0,12.31
2025-26,2025-10-31,St. Scholastica,home,0,7,1,,,
2025-26,2025-11-01,St. Scholastica,home,1,5,2,,,
2025-26,2025-11-04,Beloit,home,0,21,3,,,
2025-26,2025-11-07,MSOE,home,1,13,4,,,
2025-26,2025-11-08,MSOE,away,0,22,5,0.4,13.6,2.94
2025-26,2025-11-14,Lake Forest,away,2,18,5,0.8,15.8,5.06
2025-26,2025-11-15,Lake Forest,home,1,15,5,0.8,17.8,4.49
2025-26,2025-11-18,Wis.-Stevens Point,away,0,22,5,0.8,18.0,4.44
2025-26,2025-11-21,Adrian,home,0,10,5,0.6,17.4,3.45
2025-26,2025-11-22,Adrian,home,1,10,5,0.8,15.0,5.33
2025-26,2025-12-05,Aurora,away,0,20,5,0.4,15.4,2.6
2025-26,2025-12-06,Aurora,home,2,23,5,0.6,17.0,3.53
2025-26,2026-01-04,Augsburg,away,1,6,5,0.8,13.8,5.8
2025-26,2026-01-09,St. Catherine,away,2,10,5,1.2,13.8,8.7
2025-26,2026-01-10,St. Catherine,away,0,10,5,1.0,13.8,7.25
2025-26,2026-01-16,Trine,away,2,25,5,1.4,14.8,9.46
2025-26,2026-01-17,Trine,away,2,21,5,1.4,14.4,9.72
2025-26,2026-01-23,Marian (WI),away,2,14,5,1.6,16.0,10.0
2025-26,2026-01-24,Marian (WI),home,0,14,5,1.2,16.8,7.14
2025-26,2026-01-30,Concordia Wisconsin,home,1,4,5,1.4,15.6,8.97
2025-26,2026-01-31,Concordia Wisconsin,away,0,9,5,1.0,12.4,8.06
2025-26,2026-02-06,Dubuque,home,2,29,5,1.0,14.0,7.14
2025-26,2026-02-07,Dubuque,home,1,32,5,0.8,17.6,4.55
2025-26,2026-02-12,St. Norbert,home,0,12,5,0.8,17.2,4.65
2025-26,2026-02-14,St. Norbert,away,0,6,5,0.6,17.6,3.41
