season,location,games,goals,shots,goals_per_game,goals_allowed_per_game,shots_per_game,shooting_pct
2020-21,away,5,5,84,1.0,8.2,16.8,5.95
2020-21,home,4,4,80,1.0,7.25,20.0,5.0
2021-22,away,12,3,152,0.25,6.25,12.67,1.97
2021-22,home,11,14,153,1.27,7.45,13.91,9.15
2022-23,away,17,9,281,0.53,6.12,16.53,3.2
2022-23,home,10,12,257,1.2,4.6,25.7,4.67
2023-24,away,15,12,241,0.8,5.13,16.07,4.98
2023-24,home,12,18,335,1.5,2.33,27.92,5.37
2024-25,away,17,23,280,1.35,4.65,16.47,8.21
2024-25,home,9,13,197,1.44,2.67,21.89,6.6
2024-25,neutral,1,1,15,1.0,2.0,15.0,6.67
2025-26,away,12,11,183,0.92,3.5,15.25,6.01
2025-26,home,13,10,195,0.77,3.92,15.0,5.13
