date,season,opponent,location,goals_for,goals_against,shots_for,shots_against,pp_goals,pp_opportunities,opponent_pp_goals,opponent_pp_opportunities,source_url
2025-10-31,2025-26,St. Scholastica,home,0,1,7,30,0,3,1,3,https://vikings.lawrence.edu/sports/womens-ice-hockey/stats/2025-26/college-of-st-scholastica/boxscore/5661
2025-11-01,2025-26,St. Scholastica,home,1,3,5,31,0,5,1,6,https://vikings.lawrence.edu/sports/womens-ice-hockey/stats/2025-26/college-of-st-scholastica/boxscore/5662
2025-11-04,2025-26,Beloit,home,0,2,21,25,0,2,1,4,https://vikings.lawrence.edu/sports/womens-ice-hockey/stats/2025-26/beloit-college/boxscore/5663
2025-11-07,2025-26,MSOE,home,1,4,13,25,0,2,2,5,https://vikings.lawrence.edu/sports/womens-ice-hockey/stats/2025-26/milwaukee-school-of-engineering/boxscore/5664
2025-11-08,2025-26,MSOE,away,0,4,22,33,0,4,2,7,https://vikings.lawrence.edu/sports/womens-ice-hockey/stats/2025-26/milwaukee-school-of-engineering/boxscore/5665
2025-11-14,2025-26,Lake Forest,away,2,5,18,42,1,4,3,6,https://vikings.lawrence.edu/sports/womens-ice-hockey/stats/2025-26/lake-forest-college/boxscore/5666
2025-11-15,2025-26,Lake Forest,home,1,2,15,30,0,4,0,2,https://vikings.lawrence.edu/sports/womens-ice-hockey/stats/2025-26/lake-forest-college/boxscore/5667
2025-11-18,2025-26,Wis.-Stevens Point,away,0,4,22,28,0,2,1,2,https://vikings.lawrence.edu/sports/womens-ice-hockey/stats/2025-26/university-of-wisconsin-stevens-point/boxscore/5668
2025-11-21,2025-26,Adrian,home,0,7,10,49,0,3,2,3,https://vikings.lawrence.edu/sports/womens-ice-hockey/stats/2025-26/adrian-college/boxscore/5669
2025-11-22,2025-26,Adrian,home,1,8,10,55,0,2,0,2,https://vikings.lawrence.edu/sports/womens-ice-hockey/stats/2025-26/adrian-college/boxscore/5670
2025-12-05,2025-26,Aurora,away,0,1,20,24,0,5,0,2,https://vikings.lawrence.edu/sports/womens-ice-hockey/stats/2025-26/aurora-university/boxscore/5671
2025-12-06,2025-26,Aurora,home,2,3,23,26,1,5,0,6,https://vikings.lawrence.edu/sports/womens-ice-hockey/stats/2025-26/aurora-university/boxscore/5672
2026-01-04,2025-26,Augsburg,away,1,6,6,72,0,1,1,5,https://vikings.lawrence.edu/sports/womens-ice-hockey/stats/2025-26/augsburg-university/boxscore/5673
2026-01-09,2025-26,St. Catherine,away,2,7,10,40,1,5,2,4,https://vikings.lawrence.edu/sports/womens-ice-hockey/stats/2025-26/st-catherine-university/boxscore/5674
2026-01-10,2025-26,St. Catherine,away,0,2,10,32,0,3,1,4,https://vikings.lawrence.edu/sports/womens-ice-hockey/stats/2025-26/st-catherine-university/boxscore/5675
2026-01-16,2025-26,Trine,away,2,1,25,37,0,3,0,2,https://vikings.lawrence.edu/sports/womens-ice-hockey/stats/2025-26/trine-university/boxscore/5676
2026-01-17,2025-26,Trine,away,2,1,21,32,2,4,0,5,https://vikings.lawrence.edu/sports/womens-ice-hockey/stats/2025-26/trine-university/boxscore/5677
2026-01-23,2025-26,Marian (WI),away,2,3,14,33,0,3,0,4,https://vikings.lawrence.edu/sports/womens-ice-hockey/stats/2025-26/marian-university/boxscore/5678
2026-01-24,2025-26,Marian (WI),home,0,4,14,37,0,3,1,5,https://vikings.lawrence.edu/sports/womens-ice-hockey/stats/2025-26/marian-university/boxscore/5679
2026-01-30,2025-26,Concordia Wisconsin,home,1,7,4,45,0,1,1,2,https://vikings.lawrence.edu/sports/womens-ice-hockey/stats/2025-26/concordia-university-wis-/boxscore/5680
2026-01-31,2025-26,Concordia Wisconsin,away,0,3,9,48,0,1,0,1,https://vikings.lawrence.edu/sports/womens-ice-hockey/stats/2025-26/concordia-university-wis-/boxscore/5681
2026-02-06,2025-26,Dubuque,home,2,3,29,38,0,5,0,4,https://vikings.lawrence.edu/sports/womens-ice-hockey/stats/2025-26/university-of-dubuque/boxscore/5682
2026-02-07,2025-26,Dubuque,home,1,2,32,28,0,4,0,2,https://vikings.lawrence.edu/sports/womens-ice-hockey/stats/2025-26/university-of-dubuque/boxscore/5683
2026-02-12,2025-26,St. Norbert,home,0,5,12,63,0,2,1,3,https://vikings.lawrence.edu/sports/womens-ice-hockey/stats/2025-26/st-norbert-college/boxscore/5684
2026-02-14,2025-26,St. Norbert,away,0,5,6,46,0,2,2,3,https://vikings.lawrence.edu/sports/womens-ice-hockey/stats/2025-26/st-norbert-college/boxscore/5685
